запрос	регион	частотность	дата
мужская группа поддержки онлайн	Wordstat РФ+РБ; Keyword Planner PL/DE/GE		
мужская терапевтическая группа	Wordstat РФ+РБ; Keyword Planner PL/DE/GE		
мужская группа онлайн	Wordstat РФ+РБ; Keyword Planner PL/DE/GE		
группа или психолог что выбрать	Wordstat РФ+РБ; Keyword Planner PL/DE/GE		
мужской круг что это	Wordstat РФ+РБ; Keyword Planner PL/DE/GE		
сообщество для мужчин	Wordstat РФ+РБ; Keyword Planner PL/DE/GE		
сколько стоит мужская группа	Wordstat РФ+РБ; Keyword Planner PL/DE/GE		
страшно идти в группу	Wordstat РФ+РБ; Keyword Planner PL/DE/GE		
эмигрантская депрессия у мужчин	Google: PL/DE/GE, язык RU		
одиночество в эмиграции	Google: PL/DE/GE, язык RU		
потерял себя после переезда	Google: PL/DE/GE, язык RU		
этапы адаптации в эмиграции	Google: PL/DE/GE, язык RU		
как найти друзей в эмиграции мужчине	Google: PL/DE/GE, язык RU		
работа не по специальности после переезда	Google: PL/DE/GE, язык RU		
тоска по дому у мужчин	Google: PL/DE/GE, язык RU		
нет друзей после 30	Wordstat РФ+РБ; Keyword Planner PL/DE/GE		
не с кем поговорить о проблемах	Wordstat РФ+РБ; Keyword Planner PL/DE/GE		
одиночество в браке	Wordstat РФ+РБ; Keyword Planner PL/DE/GE		
как найти друзей взрослому мужчине	Wordstat РФ+РБ; Keyword Planner PL/DE/GE		
почему мужская дружба распадается	Wordstat РФ+РБ; Keyword Planner PL/DE/GE		
как восстановить старую дружбу	Wordstat РФ+РБ; Keyword Planner PL/DE/GE		
мужчины не обнимаются и не ходят вдвоём	Wordstat РФ+РБ; Keyword Planner PL/DE/GE		
почему у мужчин нет близких друзей	Wordstat РФ+РБ; Keyword Planner PL/DE/GE		
почему мужчины избегают прикосновений	Wordstat РФ+РБ; Keyword Planner PL/DE/GE		
игры и одиночество у мужчин	Wordstat РФ+РБ; Keyword Planner PL/DE/GE		
выгорание у мужчин	Wordstat РФ+РБ; Keyword Planner PL/DE/GE		
постоянная усталость	Wordstat РФ+РБ; Keyword Planner PL/DE/GE		
не умею отдыхать	Wordstat РФ+РБ; Keyword Planner PL/DE/GE		
голова не выключается	Wordstat РФ+РБ; Keyword Planner PL/DE/GE		
стадии выгорания	Wordstat РФ+РБ; Keyword Planner PL/DE/GE		
выгорел на работе что делать	Wordstat РФ+РБ; Keyword Planner PL/DE/GE		
ничего не хочется	Wordstat РФ+РБ; Keyword Planner PL/DE/GE		
апатия у мужчин	Wordstat РФ+РБ; Keyword Planner PL/DE/GE		
ничего не радует	Wordstat РФ+РБ; Keyword Planner PL/DE/GE		
потерял интерес к жизни	Wordstat РФ+РБ; Keyword Planner PL/DE/GE		
нет сил ни на что	Wordstat РФ+РБ; Keyword Planner PL/DE/GE		
живу на автопилоте	Wordstat РФ+РБ; Keyword Planner PL/DE/GE		
тревожность у мужчин	Wordstat РФ+РБ; Keyword Planner PL/DE/GE		
воскресная тревога	Wordstat РФ+РБ; Keyword Planner PL/DE/GE		
финансовая тревога	Wordstat РФ+РБ; Keyword Planner PL/DE/GE		
панические атаки у мужчин	Wordstat РФ+РБ; Keyword Planner PL/DE/GE		
просыпаюсь в 4 утра	Wordstat РФ+РБ; Keyword Planner PL/DE/GE		
тревога и потребность всё контролировать	Wordstat РФ+РБ; Keyword Planner PL/DE/GE		
как перестать срываться	Wordstat РФ+РБ		
как перестать срываться на близких	Wordstat РФ+РБ		
как перестать срываться на окружающих	Wordstat РФ+РБ		
как перестать копить злость в себе	Wordstat РФ+РБ		
всё бесит и раздражает	Wordstat РФ+РБ		
вспыльчивость у мужчин	Wordstat РФ+РБ		
как пережить развод мужчине	Wordstat РФ+РБ; Keyword Planner PL/DE/GE		
